root, 64.226.75.155
root, 64.226.75.155
root, 64.226.75.155
root, 64.226.75.155
root, 64.226.75.155
root, 64.226.75.155
root, 64.226.75.155
root, 64.226.75.155
root, 64.226.75.155
root, 64.226.75.155
root, 64.226.75.155
root, 64.226.75.155
root, 64.226.75.155
root, 64.226.75.155
root, 64.226.75.155
root, 64.226.75.155
root, 64.226.75.155
root, 64.226.75.155
root, 64.226.75.155
root, 64.226.75.155
root, 64.226.75.155
root, 64.226.75.155
root, 64.226.75.155
root, 64.226.75.155
root, 178.62.104.32
root, 178.62.104.32
root, 178.62.104.32
Unknown, 64.62.197.101
Unknown, 58.221.195.130
ubuntu, 178.62.104.32
ubuntu, 178.62.104.32
ubuntu, 178.62.104.32
solana, 2.57.122.189
solana, 2.57.122.189
solana, 2.57.122.189
sol, 2.57.122.189
sol, 2.57.122.189
sol, 2.57.122.189
node, 2.57.122.189
node, 2.57.122.189
node, 2.57.122.189
validator, 2.57.122.189
validator, 2.57.122.189
validator, 2.57.122.189
root, 178.62.104.32
root, 178.62.104.32
root, 178.62.104.32
root, 49.162.158.23
root, 49.162.158.23
root, 49.162.158.23
root, 49.162.158.23
root, 49.162.158.23
root, 49.162.158.23
root, 49.162.158.23
root, 49.162.158.23
root, 49.162.158.23
root, 49.162.158.23
root, 49.162.158.23
root, 49.162.158.23
root, 49.162.158.23
root, 49.162.158.23
root, 49.162.158.23
root, 49.162.158.23
root, 49.162.158.23
root, 49.162.158.23
root, 49.162.158.23
root, 49.162.158.23
root, 49.162.158.23
root, 49.162.158.23
root, 49.162.158.23
root, 49.162.158.23
root, 49.162.158.23
root, 49.162.158.23
root, 49.162.158.23
sol, 92.118.39.73
sol, 92.118.39.73
sol, 92.118.39.73
solana, 92.118.39.73
solana, 92.118.39.73
solana, 92.118.39.73
validator, 92.118.39.73
validator, 92.118.39.73
validator, 92.118.39.73
xbmc, 116.110.218.250
xbmc, 116.110.218.250
xbmc, 116.110.218.250
ubuntu, 92.118.39.73
ubuntu, 92.118.39.73
ubuntu, 92.118.39.73
anton, 116.98.172.59
anton, 116.98.172.59
anton, 116.98.172.59
xbmc, 116.110.218.250
xbmc, 116.110.218.250
xbmc, 116.110.218.250
software, 116.98.172.59
software, 116.98.172.59
software, 116.98.172.59
www, 116.110.218.250
www, 116.110.218.250
www, 116.110.218.250
root, 116.98.172.59
root, 116.98.172.59
root, 116.98.172.59
node, 92.118.39.73
node, 92.118.39.73
node, 92.118.39.73
admin, 116.110.218.250
admin, 116.110.218.250
admin, 116.110.218.250
test, 116.98.172.59
test, 116.98.172.59
test, 116.98.172.59
thomas, 116.98.172.59
thomas, 116.98.172.59
thomas, 116.98.172.59
psybnc, 116.98.172.59
psybnc, 116.98.172.59
psybnc, 116.98.172.59
belkinstyle, 116.110.218.250
belkinstyle, 116.110.218.250
belkinstyle, 116.110.218.250
bin, 116.110.218.250
bin, 116.110.218.250
bin, 116.110.218.250
matrix, 116.110.218.250
matrix, 116.110.218.250
matrix, 116.110.218.250
helpdesk, 116.98.172.59
helpdesk, 116.98.172.59
helpdesk, 116.98.172.59
admin, 116.110.218.250
admin, 116.110.218.250
admin, 116.110.218.250
root, 116.110.218.250
root, 116.110.218.250
root, 116.110.218.250
kim, 116.98.172.59
kim, 116.98.172.59
kim, 116.98.172.59
root, 116.110.218.250
root, 116.110.218.250
root, 116.110.218.250
root, 116.98.172.59
root, 116.98.172.59
root, 116.98.172.59
admin, 116.110.218.250
admin, 116.110.218.250
admin, 116.110.218.250
admin, 116.110.218.250
admin, 116.110.218.250
admin, 116.110.218.250
admin, 116.110.218.250
admin, 116.110.218.250
admin, 116.110.218.250
plex, 116.98.172.59
plex, 116.98.172.59
plex, 116.98.172.59
admin, 116.98.172.59
guest1, 116.110.218.250
admin, 116.98.172.59
guest1, 116.110.218.250
guest1, 116.110.218.250
admin, 116.98.172.59
root, 116.110.218.250
root, 116.110.218.250
root, 116.110.218.250
root, 116.110.218.250
root, 116.110.218.250
root, 116.110.218.250
admin, 116.98.172.59
admin, 116.98.172.59
admin, 116.98.172.59
btf, 116.110.218.250
btf, 116.110.218.250
btf, 116.110.218.250
root, 116.110.218.250
root, 116.110.218.250
root, 116.110.218.250
test, 116.98.172.59
test, 116.98.172.59
test, 116.98.172.59
rebecca, 116.98.172.59
rebecca, 116.98.172.59
rebecca, 116.98.172.59
root, 116.98.172.59
root, 116.98.172.59
root, 116.98.172.59
oracle, 116.110.218.250
oracle, 116.110.218.250
oracle, 116.110.218.250
ftpuser, 116.98.172.59
ftpuser, 116.98.172.59
ftpuser, 116.98.172.59
root, 116.98.172.59
root, 116.98.172.59
root, 116.98.172.59
admin, 116.110.218.250
admin, 116.110.218.250
admin, 116.110.218.250
1234, 116.98.172.59
1234, 116.98.172.59
1234, 116.98.172.59
nikita, 116.98.172.59
nikita, 116.98.172.59
nikita, 116.98.172.59
root, 116.110.218.250
root, 116.110.218.250
root, 116.110.218.250
root, 116.110.218.250
root, 116.110.218.250
root, 116.110.218.250
ftp, 116.98.172.59
ftp, 116.98.172.59
ftp, 116.98.172.59
support, 116.110.218.250
support, 116.110.218.250
support, 116.110.218.250
root, 116.98.172.59
root, 116.98.172.59
root, 116.98.172.59
admin, 116.98.172.59
admin, 116.98.172.59
admin, 116.98.172.59
operator, 116.98.172.59
operator, 116.98.172.59
operator, 116.98.172.59
admin, 116.110.218.250
admin, 116.110.218.250
admin, 116.110.218.250
admin, 116.98.172.59
admin, 116.98.172.59
admin, 116.98.172.59
admin, 116.110.218.250
admin, 116.110.218.250
admin, 116.110.218.250
admin, 116.110.218.250
admin, 116.110.218.250
admin, 116.110.218.250
admin, 116.110.218.250
admin, 116.110.218.250
admin, 116.110.218.250
test, 116.98.172.59
test, 116.98.172.59
test, 116.98.172.59
root, 116.98.172.59
root, 116.98.172.59
root, 116.98.172.59
admin, 116.110.218.250
admin, 116.110.218.250
admin, 116.110.218.250
root, 116.110.218.250
root, 116.110.218.250
root, 116.110.218.250
support, 116.98.172.59
support, 116.98.172.59
support, 116.98.172.59
config, 116.110.218.250
config, 116.110.218.250
config, 116.110.218.250
root, 116.110.218.250
root, 116.110.218.250
root, 116.110.218.250
squid, 116.98.172.59
squid, 116.98.172.59
squid, 116.98.172.59
ubnt, 116.110.218.250
ubnt, 116.110.218.250
ubnt, 116.110.218.250
root, 116.98.172.59
root, 116.98.172.59
root, 116.98.172.59
installer, 116.110.218.250
installer, 116.110.218.250
installer, 116.110.218.250
admin, 116.98.172.59
admin, 116.98.172.59
admin, 116.98.172.59
baikal, 211.108.210.44
baikal, 211.108.210.44
baikal, 211.108.210.44
pi, 211.108.210.44
pi, 211.108.210.44
pi, 211.108.210.44
pi, 211.108.210.44
pi, 211.108.210.44
ubuntu, 211.108.210.44
ubuntu, 211.108.210.44
ubuntu, 211.108.210.44
ubuntu, 211.108.210.44
ubuntu, 211.108.210.44
ubuntu, 211.108.210.44
ubuntu, 211.108.210.44
ubuntu, 211.108.210.44
ubuntu, 211.108.210.44
ubuntu, 211.108.210.44
ubuntu, 211.108.210.44
ubuntu, 211.108.210.44
ubuntu, 211.108.210.44
ubuntu, 211.108.210.44
ubuntu, 211.108.210.44
ubuntu, 211.108.210.44
ubuntu, 211.108.210.44
ubuntu, 211.108.210.44
ubuntu, 211.108.210.44
ubuntu, 211.108.210.44
ubuntu, 211.108.210.44
contador, 211.108.210.44
contador, 211.108.210.44
contador, 211.108.210.44
contador, 211.108.210.44
contador, 211.108.210.44
test2, 211.108.210.44
test2, 211.108.210.44
test2, 211.108.210.44
test2, 211.108.210.44
test2, 211.108.210.44
test2, 211.108.210.44
test2, 211.108.210.44
test2, 211.108.210.44
test2, 211.108.210.44
test2, 211.108.210.44
test2, 211.108.210.44
test2, 211.108.210.44
test2, 211.108.210.44
test2, 211.108.210.44
test2, 211.108.210.44
test2, 211.108.210.44
test2, 211.108.210.44
test2, 211.108.210.44
test2, 211.108.210.44
test2, 211.108.210.44
test2, 211.108.210.44
test2, 211.108.210.44
test1, 211.108.210.44
test1, 211.108.210.44
test1, 211.108.210.44
test1, 211.108.210.44
test1, 211.108.210.44
test1, 211.108.210.44
test1, 211.108.210.44
test1, 211.108.210.44
test1, 211.108.210.44
test1, 211.108.210.44
test1, 211.108.210.44
test1, 211.108.210.44
test1, 211.108.210.44
test1, 211.108.210.44
test1, 211.108.210.44
test1, 211.108.210.44
test1, 211.108.210.44
test1, 211.108.210.44
test1, 211.108.210.44
test1, 211.108.210.44
test1, 211.108.210.44
test1, 211.108.210.44
ftpuser, 211.108.210.44
ftpuser, 211.108.210.44
ftpuser, 211.108.210.44
ftpuser, 211.108.210.44
ftpuser, 211.108.210.44
ftpuser, 211.108.210.44
ftpuser, 211.108.210.44
ftpuser, 211.108.210.44
ftpuser, 211.108.210.44
ftpuser, 211.108.210.44
ftpuser, 211.108.210.44
ftpuser, 211.108.210.44
ftpuser, 211.108.210.44
ftpuser, 211.108.210.44
ftpuser, 211.108.210.44
ftpuser, 211.108.210.44
ftpuser, 211.108.210.44
ftpuser, 211.108.210.44
ftpuser, 211.108.210.44
ftpuser, 211.108.210.44
ftpuser, 211.108.210.44
ftpuser, 211.108.210.44
test, 211.108.210.44
test, 211.108.210.44
test, 211.108.210.44
test, 211.108.210.44
test, 211.108.210.44
test, 211.108.210.44
test, 211.108.210.44
test, 211.108.210.44
test, 211.108.210.44
test, 211.108.210.44
test, 211.108.210.44
test, 211.108.210.44
test, 211.108.210.44
test, 211.108.210.44
test, 211.108.210.44
test, 211.108.210.44
test, 211.108.210.44
test, 211.108.210.44
test, 211.108.210.44
test, 211.108.210.44
test, 211.108.210.44
test, 211.108.210.44
usuario, 211.108.210.44
usuario, 211.108.210.44
usuario, 211.108.210.44
usuario, 211.108.210.44
usuario, 211.108.210.44
usuario, 211.108.210.44
usuario, 211.108.210.44
usuario, 211.108.210.44
usuario, 211.108.210.44
usuario, 211.108.210.44
usuario, 211.108.210.44
usuario, 211.108.210.44
usuario, 211.108.210.44
usuario, 211.108.210.44
usuario, 211.108.210.44
usuario, 211.108.210.44
usuario, 211.108.210.44
usuario, 211.108.210.44
usuario, 211.108.210.44
usuario, 211.108.210.44
usuario, 211.108.210.44
usuario, 211.108.210.44
oracle, 211.108.210.44
oracle, 211.108.210.44
oracle, 211.108.210.44
oracle, 211.108.210.44
oracle, 211.108.210.44
oracle, 211.108.210.44
oracle, 211.108.210.44
oracle, 211.108.210.44
oracle, 211.108.210.44
oracle, 211.108.210.44
oracle, 211.108.210.44
oracle, 211.108.210.44
oracle, 211.108.210.44
oracle, 211.108.210.44
oracle, 211.108.210.44
oracle, 211.108.210.44
oracle, 211.108.210.44
oracle, 211.108.210.44
oracle, 211.108.210.44
oracle, 211.108.210.44
oracle, 211.108.210.44
oracle, 211.108.210.44
admin, 211.108.210.44
admin, 211.108.210.44
admin, 211.108.210.44
admin, 211.108.210.44
admin, 211.108.210.44
admin, 211.108.210.44
admin, 211.108.210.44
admin, 211.108.210.44
admin, 211.108.210.44
admin, 211.108.210.44
admin, 211.108.210.44
admin, 211.108.210.44
admin, 211.108.210.44
admin, 211.108.210.44
admin, 211.108.210.44
admin, 211.108.210.44
admin, 211.108.210.44
admin, 211.108.210.44
admin, 211.108.210.44
admin, 211.108.210.44
admin, 211.108.210.44
admin, 211.108.210.44
root, 211.108.210.44
root, 211.108.210.44
root, 211.108.210.44
root, 211.108.210.44
root, 211.108.210.44
root, 211.108.210.44
root, 211.108.210.44
root, 211.108.210.44
root, 211.108.210.44
root, 211.108.210.44
root, 211.108.210.44
root, 211.108.210.44
root, 211.108.210.44
root, 211.108.210.44
root, 211.108.210.44
root, 211.108.210.44
root, 211.108.210.44
root, 211.108.210.44
root, 211.108.210.44
root, 211.108.210.44
root, 211.108.210.44
root, 211.108.210.44
root, 211.108.210.44
root, 211.108.210.44
root, 211.108.210.44
root, 211.108.210.44
root, 211.108.210.44
Unknown, 47.254.192.213
Unknown, 47.254.192.213
solana, 193.32.162.136
solana, 193.32.162.136
solana, 193.32.162.136
root, 139.19.117.130
sol, 193.32.162.136
sol, 193.32.162.136
sol, 193.32.162.136
root, 139.19.117.130
testuser, 83.222.191.62
testuser, 83.222.191.62
testuser, 83.222.191.62
testuser, 83.222.191.62
testuser, 83.222.191.62
testuser, 83.222.191.62
testuser, 83.222.191.62
testuser, 83.222.191.62
testuser, 83.222.191.62
testuser, 83.222.191.62
testuser, 83.222.191.62
testuser, 83.222.191.62
testuser, 83.222.191.62
testuser, 83.222.191.62
testuser, 83.222.191.62
testuser, 83.222.191.62
testuser, 83.222.191.62
testuser, 83.222.191.62
testuser, 83.222.191.62
testuser, 83.222.191.62
testuser, 83.222.191.62
testuser, 83.222.191.62
testuser, 83.222.191.62
testuser, 83.222.191.62
test, 83.222.191.62
test, 83.222.191.62
test, 83.222.191.62
testtlq, 83.222.191.62
testtlq, 83.222.191.62
testtlq, 83.222.191.62
testtlq, 83.222.191.62
testtlq, 83.222.191.62
testtlq, 83.222.191.62
testtlq, 83.222.191.62
testtlq, 83.222.191.62
testtlq, 83.222.191.62
testtlq, 83.222.191.62
testtlq, 83.222.191.62
testtlq, 83.222.191.62
test, 83.222.191.62
test, 83.222.191.62
test, 83.222.191.62
test, 83.222.191.62
test, 83.222.191.62
test, 83.222.191.62
test, 83.222.191.62
test, 83.222.191.62
test, 83.222.191.62
test, 83.222.191.62
test, 83.222.191.62
test, 83.222.191.62
test, 83.222.191.62
test, 83.222.191.62
test, 83.222.191.62
test, 83.222.191.62
test, 83.222.191.62
test, 83.222.191.62
test, 83.222.191.62
test, 83.222.191.62
test, 83.222.191.62
test, 83.222.191.62
test, 83.222.191.62
test, 83.222.191.62
test, 83.222.191.62
test, 83.222.191.62
test, 83.222.191.62
test, 83.222.191.62
test, 83.222.191.62
test, 83.222.191.62
test, 83.222.191.62
test, 83.222.191.62
test, 83.222.191.62
test, 83.222.191.62
test, 83.222.191.62
test, 83.222.191.62
test, 83.222.191.62
test, 83.222.191.62
test, 83.222.191.62
test, 83.222.191.62
test, 83.222.191.62
test, 83.222.191.62
test, 83.222.191.62
test, 83.222.191.62
test, 83.222.191.62
test, 83.222.191.62
test, 83.222.191.62
test, 83.222.191.62
test, 83.222.191.62
test, 83.222.191.62
test, 83.222.191.62
test, 83.222.191.62
test, 83.222.191.62
test, 83.222.191.62
test, 83.222.191.62
test, 83.222.191.62
test, 83.222.191.62
test, 83.222.191.62
test, 83.222.191.62
test, 83.222.191.62
test, 83.222.191.62
test, 83.222.191.62
test, 83.222.191.62
test, 83.222.191.62
test, 83.222.191.62
test, 83.222.191.62
test, 83.222.191.62
test, 83.222.191.62
test, 83.222.191.62
test, 83.222.191.62
test, 83.222.191.62
test, 83.222.191.62
test, 83.222.191.62
test, 83.222.191.62
test, 83.222.191.62
test, 83.222.191.62
test, 83.222.191.62
test, 83.222.191.62
test, 83.222.191.62
test, 83.222.191.62
test, 83.222.191.62
test, 83.222.191.62
test, 83.222.191.62
test, 83.222.191.62
test, 83.222.191.62
test, 83.222.191.62
test, 83.222.191.62
test, 83.222.191.62
test, 83.222.191.62
test, 83.222.191.62
test, 83.222.191.62
test, 83.222.191.62
test, 83.222.191.62
test, 83.222.191.62
test, 83.222.191.62
test, 83.222.191.62
test, 83.222.191.62
test, 83.222.191.62
test, 83.222.191.62
test, 83.222.191.62
test, 83.222.191.62
test, 83.222.191.62
test, 83.222.191.62
test, 83.222.191.62
test, 83.222.191.62
test_pbs, 83.222.191.62
test_pbs, 83.222.191.62
test_pbs, 83.222.191.62
test_pbs, 83.222.191.62
test_pbs, 83.222.191.62
test_pbs, 83.222.191.62
root, 220.243.178.20
root, 220.243.178.20
root, 220.243.178.20
root, 220.243.178.20
root, 220.243.178.20
root, 220.243.178.20
root, 220.243.178.20
root, 220.243.178.20
root, 220.243.178.20
root, 220.243.178.20
root, 220.243.178.20
root, 220.243.178.20
root, 220.243.178.20
root, 220.243.178.20
root, 220.243.178.20
root, 220.243.178.20
root, 220.243.178.20
root, 220.243.178.20
root, 139.19.117.130
root, 139.19.117.130
root, 139.19.117.130
root, 139.19.117.130
root, 139.19.117.130
root, 139.19.117.130
root, 103.97.176.155
root, 103.97.176.155
root, 103.97.176.155
x, 193.32.162.132
x, 193.32.162.132
x, 193.32.162.132
ada, 193.32.162.132
ada, 193.32.162.132
ada, 193.32.162.132
ubuntu, 103.97.176.155
ubuntu, 103.97.176.155
ubuntu, 103.97.176.155
vali, 193.32.162.132
vali, 193.32.162.132
vali, 193.32.162.132
root, 36.110.228.254
root, 36.110.228.254
root, 36.110.228.254
root, 36.110.228.254
root, 36.110.228.254
root, 36.110.228.254
root, 36.110.228.254
root, 36.110.228.254
validator, 193.32.162.132
validator, 193.32.162.132
validator, 193.32.162.132
root, 103.97.176.155
root, 103.97.176.155
root, 103.97.176.155
solana, 193.32.162.132
solana, 193.32.162.132
solana, 193.32.162.132
node, 193.32.162.132
node, 193.32.162.132
node, 193.32.162.132
Unknown, 152.32.199.20
sol, 193.32.162.132
sol, 193.32.162.132
sol, 193.32.162.132
ubuntu, 193.32.162.132
ubuntu, 193.32.162.132
ubuntu, 193.32.162.132
x, 193.32.162.132
x, 193.32.162.132
x, 193.32.162.132
ada, 193.32.162.132
ada, 193.32.162.132
ada, 193.32.162.132
vali, 193.32.162.132
vali, 193.32.162.132
vali, 193.32.162.132
validator, 193.32.162.132
validator, 193.32.162.132
validator, 193.32.162.132
solana, 193.32.162.132
solana, 193.32.162.132
solana, 193.32.162.132
node, 193.32.162.132
node, 193.32.162.132
node, 193.32.162.132
sol, 193.32.162.132
sol, 193.32.162.132
sol, 193.32.162.132
root, 139.19.117.130
root, 139.19.117.130
ubuntu, 193.32.162.132
ubuntu, 193.32.162.132
ubuntu, 193.32.162.132
root, 139.19.117.130
root, 139.19.117.130
Unknown, 80.82.70.133
Unknown, 18.217.241.151
root, 139.19.117.130
root, 139.19.117.130
Unknown, 175.126.82.163
test_pbs, 83.222.191.62
test_pbs, 83.222.191.62
test_pbs, 83.222.191.62
test_pbs, 83.222.191.62
test_pbs, 83.222.191.62
test_pbs, 83.222.191.62
test, 83.222.191.62
test, 83.222.191.62
test, 83.222.191.62
test, 83.222.191.62
test, 83.222.191.62
test, 83.222.191.62
testLiu, 83.222.191.62
testLiu, 83.222.191.62
testLiu, 83.222.191.62
testLiu, 83.222.191.62
testLiu, 83.222.191.62
testLiu, 83.222.191.62
test, 83.222.191.62
test, 83.222.191.62
test, 83.222.191.62
testing, 83.222.191.62
testing, 83.222.191.62
testing, 83.222.191.62
testing, 83.222.191.62
testing, 83.222.191.62
testing, 83.222.191.62
testing, 83.222.191.62
testing, 83.222.191.62
testing, 83.222.191.62
testing1, 83.222.191.62
testing1, 83.222.191.62
testing1, 83.222.191.62
testing, 83.222.191.62
testing, 83.222.191.62
testing, 83.222.191.62
testing, 83.222.191.62
testing, 83.222.191.62
testing, 83.222.191.62
teste, 83.222.191.62
teste, 83.222.191.62
teste, 83.222.191.62
teste, 83.222.191.62
teste, 83.222.191.62
teste, 83.222.191.62
teste, 83.222.191.62
teste, 83.222.191.62
teste, 83.222.191.62
teste, 83.222.191.62
teste, 83.222.191.62
teste, 83.222.191.62
teste, 83.222.191.62
teste, 83.222.191.62
teste, 83.222.191.62
tester, 83.222.191.62
tester, 83.222.191.62
tester, 83.222.191.62
tester, 83.222.191.62
tester, 83.222.191.62
tester, 83.222.191.62
tester, 83.222.191.62
tester, 83.222.191.62
tester, 83.222.191.62
tester1, 83.222.191.62
tester1, 83.222.191.62
tester1, 83.222.191.62
teste, 83.222.191.62
teste, 83.222.191.62
teste, 83.222.191.62
teste, 83.222.191.62
teste, 83.222.191.62
teste, 83.222.191.62
teste, 83.222.191.62
teste, 83.222.191.62
teste, 83.222.191.62
teste, 83.222.191.62
teste, 83.222.191.62
teste, 83.222.191.62
testdev, 83.222.191.62
testdev, 83.222.191.62
testdev, 83.222.191.62
testdev, 83.222.191.62
testdev, 83.222.191.62
testdev, 83.222.191.62
test, 83.222.191.62
test, 83.222.191.62
test, 83.222.191.62
testbelkofsi, 83.222.191.62
testbelkofsi, 83.222.191.62
testbelkofsi, 83.222.191.62
test, 83.222.191.62
test, 83.222.191.62
test, 83.222.191.62
test, 83.222.191.62
test, 83.222.191.62
test, 83.222.191.62
test9, 83.222.191.62
test9, 83.222.191.62
test9, 83.222.191.62
test8, 83.222.191.62
test8, 83.222.191.62
test8, 83.222.191.62
test7, 83.222.191.62
test7, 83.222.191.62
test7, 83.222.191.62
test6, 83.222.191.62
test6, 83.222.191.62
test6, 83.222.191.62
test5, 83.222.191.62
test5, 83.222.191.62
test5, 83.222.191.62
test4, 83.222.191.62
test4, 83.222.191.62
test4, 83.222.191.62
test3, 83.222.191.62
test3, 83.222.191.62
test3, 83.222.191.62
test3, 83.222.191.62
test3, 83.222.191.62
test3, 83.222.191.62
test, 83.222.191.62
test, 83.222.191.62
test, 83.222.191.62
test3, 83.222.191.62
test3, 83.222.191.62
test3, 83.222.191.62
test2, 83.222.191.62
test2, 83.222.191.62
test2, 83.222.191.62
test2, 83.222.191.62
test2, 83.222.191.62
test2, 83.222.191.62
test2, 83.222.191.62
test2, 83.222.191.62
test2, 83.222.191.62
test2, 83.222.191.62
test2, 83.222.191.62
test2, 83.222.191.62
test2, 83.222.191.62
test2, 83.222.191.62
test2, 83.222.191.62
test2, 83.222.191.62
test2, 83.222.191.62
test2, 83.222.191.62
test1, 83.222.191.62
test1, 83.222.191.62
test1, 83.222.191.62
test1, 83.222.191.62
test1, 83.222.191.62
test1, 83.222.191.62
sol, 92.118.39.73
sol, 92.118.39.73
sol, 92.118.39.73
root, 139.19.117.130
root, 139.19.117.130
solana, 92.118.39.73
solana, 92.118.39.73
solana, 92.118.39.73
Unknown, 64.62.197.187
Unknown, 64.62.197.187
validator, 92.118.39.73
validator, 92.118.39.73
validator, 92.118.39.73
ubuntu, 92.118.39.73
ubuntu, 92.118.39.73
ubuntu, 92.118.39.73
node, 92.118.39.73
node, 92.118.39.73
node, 92.118.39.73
root, 139.19.117.130
root, 139.19.117.130
root, 114.217.150.72
root, 114.217.150.72
root, 114.217.150.72
root, 114.217.150.72
root, 114.217.150.72
root, 114.217.150.72
root, 114.217.150.72
root, 114.217.150.72
root, 114.217.150.72
root, 114.217.150.72
root, 114.217.150.72
root, 114.217.150.72
Unknown, 197.221.234.19
admin, 101.168.7.6
admin, 101.168.7.6
admin, 101.168.7.6
root, 101.168.7.6
root, 101.168.7.6
root, 101.168.7.6
root, 101.168.7.6
root, 101.168.7.6
root, 101.168.7.6
root, 101.168.7.6
root, 101.168.7.6
root, 101.168.7.6
netscreen, 101.168.7.6
netscreen, 101.168.7.6
netscreen, 101.168.7.6
root, 101.168.7.6
root, 101.168.7.6
root, 101.168.7.6
sconsole, 101.168.7.6
sconsole, 101.168.7.6
sconsole, 101.168.7.6
admin, 101.168.7.6
admin, 101.168.7.6
admin, 101.168.7.6
root, 101.168.7.6
NL5xUDpV2xRa, 119.34.129.117
root, 101.168.7.6
root, 101.168.7.6
admin, 101.168.7.6
admin, 101.168.7.6
admin, 101.168.7.6
root, 101.168.7.6
root, 101.168.7.6
root, 101.168.7.6
root, 101.168.7.6
root, 101.168.7.6
root, 101.168.7.6
root, 101.168.7.6
root, 101.168.7.6
root, 101.168.7.6
root, 139.19.117.130
root, 101.168.7.6
root, 101.168.7.6
root, 101.168.7.6
openhabian, 101.168.7.6
openhabian, 101.168.7.6
openhabian, 101.168.7.6
root, 101.168.7.6
root, 101.168.7.6
root, 101.168.7.6
root, 139.19.117.130
openmediavault, 101.168.7.6
openmediavault, 101.168.7.6
openmediavault, 101.168.7.6
root, 101.168.7.6
root, 101.168.7.6
root, 101.168.7.6
root, 101.168.7.6
root, 101.168.7.6
root, 101.168.7.6
root, 101.168.7.6
root, 101.168.7.6
root, 101.168.7.6
root, 101.168.7.6
root, 101.168.7.6
root, 101.168.7.6
plexuser, 101.168.7.6
plexuser, 101.168.7.6
plexuser, 101.168.7.6
misp, 101.168.7.6
misp, 101.168.7.6
misp, 101.168.7.6
root, 101.168.7.6
root, 101.168.7.6
root, 101.168.7.6
debian, 101.168.7.6
debian, 101.168.7.6
debian, 101.168.7.6
root, 101.168.7.6
root, 101.168.7.6
root, 101.168.7.6
debian, 101.168.7.6
debian, 101.168.7.6
debian, 101.168.7.6
root, 101.168.7.6
root, 101.168.7.6
root, 101.168.7.6
debian, 101.168.7.6
debian, 101.168.7.6
debian, 101.168.7.6
root, 101.168.7.6
root, 101.168.7.6
root, 101.168.7.6
vagrant, 101.168.7.6
vagrant, 101.168.7.6
vagrant, 101.168.7.6
root, 101.168.7.6
root, 101.168.7.6
root, 101.168.7.6
default, 101.168.7.6
default, 101.168.7.6
default, 101.168.7.6
root, 101.168.7.6
root, 101.168.7.6
root, 101.168.7.6
root, 101.168.7.6
root, 101.168.7.6
root, 101.168.7.6
root, 101.168.7.6
root, 101.168.7.6
root, 101.168.7.6
root, 101.168.7.6
root, 101.168.7.6
root, 101.168.7.6
cloudera, 101.168.7.6
cloudera, 101.168.7.6
cloudera, 101.168.7.6
root, 101.168.7.6
root, 101.168.7.6
root, 101.168.7.6
admin, 101.168.7.6
admin, 101.168.7.6
admin, 101.168.7.6
fwupgrade, 101.168.7.6
fwupgrade, 101.168.7.6
fwupgrade, 101.168.7.6
localadmin, 101.168.7.6
localadmin, 101.168.7.6
localadmin, 101.168.7.6
root, 101.168.7.6
root, 101.168.7.6
root, 101.168.7.6
ftp, 101.168.7.6
ftp, 101.168.7.6
ftp, 101.168.7.6
ftp, 101.168.7.6
ftp, 101.168.7.6
ftp, 101.168.7.6
ftp, 101.168.7.6
ftp, 101.168.7.6
ftp, 101.168.7.6
root, 101.168.7.6
root, 101.168.7.6
root, 101.168.7.6
test, 101.168.7.6
test, 101.168.7.6
test, 101.168.7.6
root, 101.168.7.6
root, 101.168.7.6
root, 101.168.7.6
oracle, 101.168.7.6
oracle, 101.168.7.6
oracle, 101.168.7.6
root, 101.168.7.6
root, 101.168.7.6
root, 101.168.7.6
root, 101.168.7.6
root, 101.168.7.6
root, 101.168.7.6
root, 101.168.7.6
root, 101.168.7.6
root, 101.168.7.6
root, 101.168.7.6
root, 101.168.7.6
root, 101.168.7.6
uploader, 101.168.7.6
uploader, 101.168.7.6
uploader, 101.168.7.6
root, 101.168.7.6
root, 101.168.7.6
root, 101.168.7.6
pi, 101.168.7.6
pi, 101.168.7.6
pi, 101.168.7.6
root, 101.168.7.6
root, 101.168.7.6
root, 101.168.7.6
root, 101.168.7.6
root, 101.168.7.6
root, 101.168.7.6
admin, 101.168.7.6
admin, 101.168.7.6
admin, 101.168.7.6
admin, 101.168.7.6
admin, 101.168.7.6
admin, 101.168.7.6
root, 101.168.7.6
root, 101.168.7.6
root, 101.168.7.6
root, 101.168.7.6
root, 101.168.7.6
root, 101.168.7.6
root, 101.168.7.6
root, 101.168.7.6
root, 101.168.7.6
root, 101.168.7.6
root, 101.168.7.6
root, 101.168.7.6
support, 101.168.7.6
support, 101.168.7.6
support, 101.168.7.6
orangepi, 101.168.7.6
orangepi, 101.168.7.6
orangepi, 101.168.7.6
root, 101.168.7.6
root, 101.168.7.6
root, 101.168.7.6
root, 101.168.7.6
root, 101.168.7.6
root, 101.168.7.6
ubnt, 101.168.7.6
ubnt, 101.168.7.6
ubnt, 101.168.7.6
a, 101.168.7.6
a, 101.168.7.6
a, 101.168.7.6
Unknown, 119.34.129.117
Unknown, 13.83.81.70
sol, 92.118.39.73
sol, 92.118.39.73
sol, 92.118.39.73
solana, 92.118.39.73
solana, 92.118.39.73
solana, 92.118.39.73
root, 139.19.117.130
root, 139.19.117.130
root, 211.50.87.151
root, 211.50.87.151
root, 211.50.87.151
root, 211.50.87.151
root, 211.50.87.151
root, 211.50.87.151
root, 211.50.87.151
root, 211.50.87.151
root, 211.50.87.151
root, 211.50.87.151
root, 211.50.87.151
root, 211.50.87.151
root, 211.50.87.151
root, 211.50.87.151
root, 211.50.87.151
root, 211.50.87.151
root, 193.32.162.79
root, 193.32.162.79
root, 193.32.162.79
validator, 92.118.39.73
validator, 92.118.39.73
validator, 92.118.39.73
jesus, 193.32.162.79
jesus, 193.32.162.79
jesus, 193.32.162.79
ubuntu, 92.118.39.73
ubuntu, 92.118.39.73
ubuntu, 92.118.39.73
michalel, 193.32.162.79
michalel, 193.32.162.79
michalel, 193.32.162.79
node, 92.118.39.73
node, 92.118.39.73
node, 92.118.39.73
michael, 193.32.162.79
michael, 193.32.162.79
michael, 193.32.162.79
test, 193.32.162.79
test, 193.32.162.79
test, 193.32.162.79
root, 193.32.162.79
root, 193.32.162.79
root, 193.32.162.79
root, 193.32.162.79
root, 193.32.162.79
root, 193.32.162.79
Unknown, 64.62.197.152
root, 193.32.162.79
root, 193.32.162.79
root, 193.32.162.79
root, 193.32.162.79
root, 193.32.162.79
root, 193.32.162.79
root, 139.19.117.130
root, 139.19.117.130
slave, 193.32.162.79
slave, 193.32.162.79
slave, 193.32.162.79
master, 193.32.162.79
master, 193.32.162.79
master, 193.32.162.79
root, 125.94.107.91
root, 125.94.107.91
root, 125.94.107.91
root, 125.94.107.91
root, 125.94.107.91
root, 125.94.107.91
root, 125.94.107.91
root, 125.94.107.91
root, 125.94.107.91
root, 125.94.107.91
root, 125.94.107.91
root, 125.94.107.91
root, 125.94.107.91
root, 125.94.107.91
root, 125.94.107.91
root, 125.94.107.91
root, 125.94.107.91
root, 125.94.107.91
root, 125.94.107.91
root, 125.94.107.91
root, 125.94.107.91
root, 125.94.107.91
root, 125.94.107.91
root, 125.94.107.91
root, 125.94.107.91
root, 125.94.107.91
root, 125.94.107.91
root, 125.94.107.91
root, 125.94.107.91
root, 125.94.107.91
root, 125.94.107.91
root, 125.94.107.91
root, 125.94.107.91
root, 125.94.107.91
root, 125.94.107.91
root, 125.94.107.91
root, 125.94.107.91
root, 125.94.107.91
root, 125.94.107.91
root, 125.94.107.91
root, 125.94.107.91
root, 125.94.107.91
root, 125.94.107.91
root, 125.94.107.91
root, 125.94.107.91
root, 125.94.107.91
root, 125.94.107.91
root, 125.94.107.91
root, 125.94.107.91
root, 125.94.107.91
root, 125.94.107.91
root, 125.94.107.91
root, 125.94.107.91
root, 125.94.107.91
root, 125.94.107.91
root, 125.94.107.91
root, 125.94.107.91
root, 125.94.107.91
root, 125.94.107.91
root, 125.94.107.91
root, 125.94.107.91
root, 125.94.107.91
root, 125.94.107.91
root, 125.94.107.91
root, 125.94.107.91
root, 125.94.107.91
root, 125.94.107.91
root, 125.94.107.91
root, 125.94.107.91
root, 125.94.107.91
root, 125.94.107.91
root, 125.94.107.91
root, 125.94.107.91
root, 125.94.107.91
root, 125.94.107.91
root, 125.94.107.91
root, 125.94.107.91
root, 125.94.107.91
root, 125.94.107.91
root, 125.94.107.91
root, 125.94.107.91
root, 125.94.107.91
root, 125.94.107.91
root, 125.94.107.91
root, 125.94.107.91
root, 125.94.107.91
root, 125.94.107.91
root, 125.94.107.91
root, 125.94.107.91
root, 125.94.107.91
root, 125.94.107.91
root, 125.94.107.91
root, 125.94.107.91
root, 125.94.107.91
root, 125.94.107.91
root, 125.94.107.91
root, 125.94.107.91
root, 125.94.107.91
root, 125.94.107.91
root, 125.94.107.91
root, 125.94.107.91
root, 125.94.107.91
root, 125.94.107.91
root, 125.94.107.91
root, 125.94.107.91
root, 125.94.107.91
root, 125.94.107.91
root, 125.94.107.91
root, 125.94.107.91
root, 125.94.107.91
root, 125.94.107.91
root, 125.94.107.91
root, 125.94.107.91
root, 125.94.107.91
root, 125.94.107.91
root, 125.94.107.91
root, 125.94.107.91
root, 125.94.107.91
root, 125.94.107.91
root, 125.94.107.91
root, 125.94.107.91
root, 125.94.107.91
root, 125.94.107.91
root, 125.94.107.91
root, 125.94.107.91
root, 125.94.107.91
root, 125.94.107.91
root, 125.94.107.91
root, 125.94.107.91
root, 125.94.107.91
root, 125.94.107.91
root, 125.94.107.91
root, 125.94.107.91
root, 125.94.107.91
root, 125.94.107.91
root, 125.94.107.91
root, 125.94.107.91
root, 125.94.107.91
root, 125.94.107.91
root, 125.94.107.91
root, 125.94.107.91
root, 125.94.107.91
root, 125.94.107.91
root, 125.94.107.91
root, 125.94.107.91
root, 125.94.107.91
root, 125.94.107.91
root, 125.94.107.91
root, 125.94.107.91
root, 125.94.107.91
root, 125.94.107.91
root, 125.94.107.91
root, 125.94.107.91
root, 125.94.107.91
root, 125.94.107.91
root, 125.94.107.91
root, 125.94.107.91
root, 125.94.107.91
root, 125.94.107.91
root, 125.94.107.91
root, 125.94.107.91
root, 125.94.107.91
root, 125.94.107.91
root, 125.94.107.91
root, 125.94.107.91
root, 125.94.107.91
root, 125.94.107.91
root, 125.94.107.91
root, 125.94.107.91
root, 125.94.107.91
root, 125.94.107.91
root, 125.94.107.91
root, 125.94.107.91
root, 125.94.107.91
root, 125.94.107.91
root, 125.94.107.91
root, 125.94.107.91
root, 125.94.107.91
root, 125.94.107.91
root, 125.94.107.91
root, 125.94.107.91
root, 125.94.107.91
root, 125.94.107.91
root, 125.94.107.91
root, 125.94.107.91
root, 125.94.107.91
root, 125.94.107.91
root, 125.94.107.91
root, 125.94.107.91
root, 125.94.107.91
root, 125.94.107.91
root, 125.94.107.91
root, 125.94.107.91
root, 125.94.107.91
root, 125.94.107.91
root, 125.94.107.91
root, 125.94.107.91
root, 125.94.107.91
root, 125.94.107.91
root, 125.94.107.91
root, 125.94.107.91
root, 125.94.107.91
root, 125.94.107.91
root, 125.94.107.91
root, 125.94.107.91
root, 125.94.107.91
root, 125.94.107.91
root, 125.94.107.91
root, 125.94.107.91
root, 125.94.107.91
root, 125.94.107.91
root, 125.94.107.91
root, 125.94.107.91
root, 125.94.107.91
root, 125.94.107.91
root, 125.94.107.91
root, 125.94.107.91
root, 125.94.107.91
root, 125.94.107.91
root, 125.94.107.91
root, 125.94.107.91
root, 125.94.107.91
root, 125.94.107.91
root, 125.94.107.91
root, 125.94.107.91
root, 125.94.107.91
root, 125.94.107.91
root, 125.94.107.91
root, 125.94.107.91
root, 125.94.107.91
root, 125.94.107.91
root, 125.94.107.91
root, 125.94.107.91
root, 125.94.107.91
root, 125.94.107.91
root, 125.94.107.91
root, 125.94.107.91
root, 125.94.107.91
root, 125.94.107.91
root, 125.94.107.91
root, 125.94.107.91
root, 125.94.107.91
root, 125.94.107.91
root, 125.94.107.91
root, 125.94.107.91
root, 125.94.107.91
root, 125.94.107.91
root, 125.94.107.91
root, 125.94.107.91
root, 125.94.107.91
root, 125.94.107.91
root, 125.94.107.91
root, 125.94.107.91
root, 125.94.107.91
root, 125.94.107.91
root, 125.94.107.91
root, 125.94.107.91
root, 125.94.107.91
root, 125.94.107.91
root, 125.94.107.91
root, 125.94.107.91
root, 125.94.107.91
root, 125.94.107.91
root, 125.94.107.91
root, 125.94.107.91
root, 125.94.107.91
root, 125.94.107.91
root, 125.94.107.91
root, 125.94.107.91
root, 125.94.107.91
root, 125.94.107.91
root, 125.94.107.91
root, 125.94.107.91
root, 125.94.107.91
root, 125.94.107.91
root, 125.94.107.91
root, 125.94.107.91
root, 125.94.107.91
root, 125.94.107.91
root, 125.94.107.91
root, 125.94.107.91
root, 125.94.107.91
root, 125.94.107.91
root, 125.94.107.91
root, 125.94.107.91
root, 125.94.107.91
root, 125.94.107.91
root, 125.94.107.91
root, 125.94.107.91
root, 125.94.107.91
root, 125.94.107.91
root, 125.94.107.91
root, 125.94.107.91
root, 125.94.107.91
root, 125.94.107.91
root, 125.94.107.91
root, 125.94.107.91
root, 125.94.107.91
root, 125.94.107.91
root, 125.94.107.91
root, 125.94.107.91
root, 125.94.107.91
root, 125.94.107.91
root, 125.94.107.91
root, 125.94.107.91
root, 125.94.107.91
root, 125.94.107.91
root, 125.94.107.91
root, 125.94.107.91
root, 125.94.107.91
root, 125.94.107.91
root, 125.94.107.91
root, 125.94.107.91
root, 125.94.107.91
root, 125.94.107.91
root, 125.94.107.91
root, 125.94.107.91
root, 125.94.107.91
root, 125.94.107.91
root, 125.94.107.91
root, 125.94.107.91
root, 125.94.107.91
root, 125.94.107.91
root, 125.94.107.91
root, 125.94.107.91
root, 125.94.107.91
root, 125.94.107.91
root, 125.94.107.91
root, 125.94.107.91
root, 125.94.107.91
root, 125.94.107.91
root, 125.94.107.91
root, 125.94.107.91
root, 125.94.107.91
root, 125.94.107.91
root, 125.94.107.91
root, 125.94.107.91
root, 125.94.107.91
root, 125.94.107.91
root, 125.94.107.91
root, 125.94.107.91
root, 125.94.107.91
root, 125.94.107.91
root, 125.94.107.91
root, 125.94.107.91
root, 125.94.107.91
root, 125.94.107.91
root, 125.94.107.91
root, 125.94.107.91
root, 125.94.107.91
root, 125.94.107.91
root, 125.94.107.91
root, 125.94.107.91
root, 125.94.107.91
root, 125.94.107.91
root, 125.94.107.91
root, 125.94.107.91
root, 125.94.107.91
root, 125.94.107.91
root, 125.94.107.91
root, 125.94.107.91
root, 125.94.107.91
root, 125.94.107.91
root, 125.94.107.91
root, 125.94.107.91
root, 125.94.107.91
root, 125.94.107.91
root, 125.94.107.91
root, 125.94.107.91
root, 125.94.107.91
root, 125.94.107.91
root, 125.94.107.91
root, 125.94.107.91
root, 125.94.107.91
root, 125.94.107.91
root, 125.94.107.91
root, 125.94.107.91
root, 125.94.107.91
root, 125.94.107.91
root, 125.94.107.91
root, 125.94.107.91
root, 125.94.107.91
root, 125.94.107.91
root, 125.94.107.91
root, 125.94.107.91
root, 125.94.107.91
root, 125.94.107.91
root, 125.94.107.91
root, 125.94.107.91
root, 125.94.107.91
root, 125.94.107.91
root, 125.94.107.91
root, 125.94.107.91
root, 125.94.107.91
root, 125.94.107.91
root, 125.94.107.91
root, 125.94.107.91
root, 125.94.107.91
root, 125.94.107.91
root, 125.94.107.91
root, 125.94.107.91
root, 125.94.107.91
root, 125.94.107.91
root, 125.94.107.91
root, 125.94.107.91
root, 125.94.107.91
root, 125.94.107.91
root, 125.94.107.91
root, 125.94.107.91
root, 125.94.107.91
root, 125.94.107.91
root, 125.94.107.91
root, 125.94.107.91
root, 125.94.107.91
root, 125.94.107.91
root, 125.94.107.91
root, 125.94.107.91
root, 125.94.107.91
root, 125.94.107.91
root, 125.94.107.91
root, 125.94.107.91
root, 125.94.107.91
root, 125.94.107.91
root, 125.94.107.91
root, 125.94.107.91
root, 125.94.107.91
root, 125.94.107.91
root, 125.94.107.91
root, 125.94.107.91
root, 125.94.107.91
root, 125.94.107.91
root, 125.94.107.91
root, 125.94.107.91
root, 125.94.107.91
root, 125.94.107.91
root, 125.94.107.91
root, 125.94.107.91
root, 125.94.107.91
root, 125.94.107.91
root, 125.94.107.91
root, 125.94.107.91
root, 125.94.107.91
root, 125.94.107.91
root, 125.94.107.91
root, 125.94.107.91
root, 125.94.107.91
root, 125.94.107.91
root, 125.94.107.91
root, 125.94.107.91
root, 125.94.107.91
root, 125.94.107.91
root, 125.94.107.91
root, 125.94.107.91
root, 125.94.107.91
root, 125.94.107.91
root, 125.94.107.91
root, 125.94.107.91
root, 125.94.107.91
root, 125.94.107.91
root, 125.94.107.91
root, 125.94.107.91
root, 125.94.107.91
root, 125.94.107.91
root, 125.94.107.91
root, 125.94.107.91
root, 125.94.107.91
root, 125.94.107.91
root, 125.94.107.91
root, 125.94.107.91
root, 125.94.107.91
root, 125.94.107.91
root, 125.94.107.91
root, 125.94.107.91
root, 125.94.107.91
root, 125.94.107.91
root, 125.94.107.91
root, 125.94.107.91
root, 125.94.107.91
root, 125.94.107.91
root, 125.94.107.91
oneadmin, 193.32.162.79
oneadmin, 193.32.162.79
oneadmin, 193.32.162.79
root, 125.94.107.91
root, 125.94.107.91
root, 125.94.107.91
root, 125.94.107.91
root, 125.94.107.91
root, 125.94.107.91
root, 125.94.107.91
root, 125.94.107.91
root, 125.94.107.91
root, 125.94.107.91
root, 125.94.107.91
root, 125.94.107.91
root, 125.94.107.91
root, 125.94.107.91
root, 125.94.107.91
root, 125.94.107.91
root, 125.94.107.91
root, 125.94.107.91
root, 125.94.107.91
root, 125.94.107.91
root, 125.94.107.91
root, 125.94.107.91
root, 125.94.107.91
root, 125.94.107.91
root, 125.94.107.91
root, 125.94.107.91
root, 125.94.107.91
root, 125.94.107.91
root, 125.94.107.91
root, 125.94.107.91
root, 125.94.107.91
root, 125.94.107.91
root, 125.94.107.91
root, 125.94.107.91
root, 125.94.107.91
root, 125.94.107.91
root, 125.94.107.91
root, 125.94.107.91
root, 125.94.107.91
root, 125.94.107.91
root, 125.94.107.91
root, 125.94.107.91
root, 125.94.107.91
root, 125.94.107.91
root, 125.94.107.91
root, 125.94.107.91
root, 125.94.107.91
root, 125.94.107.91
root, 125.94.107.91
root, 125.94.107.91
root, 125.94.107.91
root, 125.94.107.91
root, 125.94.107.91
root, 125.94.107.91
root, 125.94.107.91
root, 125.94.107.91
root, 125.94.107.91
root, 125.94.107.91
root, 125.94.107.91
root, 125.94.107.91
root, 125.94.107.91
root, 125.94.107.91
root, 125.94.107.91
root, 125.94.107.91
root, 125.94.107.91
root, 125.94.107.91
root, 125.94.107.91
root, 125.94.107.91
root, 125.94.107.91
root, 125.94.107.91
root, 125.94.107.91
root, 125.94.107.91
root, 125.94.107.91
root, 125.94.107.91
root, 125.94.107.91
root, 125.94.107.91
root, 125.94.107.91
root, 125.94.107.91
root, 125.94.107.91
root, 125.94.107.91
root, 125.94.107.91
root, 125.94.107.91
root, 125.94.107.91
root, 125.94.107.91
root, 125.94.107.91
root, 125.94.107.91
root, 125.94.107.91
root, 125.94.107.91
root, 125.94.107.91
root, 125.94.107.91
root, 125.94.107.91
root, 125.94.107.91
root, 125.94.107.91
root, 125.94.107.91
root, 125.94.107.91
root, 125.94.107.91
root, 125.94.107.91
root, 125.94.107.91
root, 125.94.107.91
root, 125.94.107.91
root, 125.94.107.91
root, 125.94.107.91
root, 125.94.107.91
root, 125.94.107.91
root, 125.94.107.91
root, 125.94.107.91
root, 125.94.107.91
root, 125.94.107.91
root, 125.94.107.91
root, 125.94.107.91
root, 125.94.107.91
root, 125.94.107.91
root, 125.94.107.91
root, 125.94.107.91
root, 125.94.107.91
root, 125.94.107.91
root, 125.94.107.91
root, 125.94.107.91
root, 125.94.107.91
root, 125.94.107.91
root, 125.94.107.91
root, 125.94.107.91
root, 125.94.107.91
root, 125.94.107.91
root, 125.94.107.91
root, 125.94.107.91
root, 125.94.107.91
root, 125.94.107.91
root, 125.94.107.91
root, 125.94.107.91
root, 125.94.107.91
root, 125.94.107.91
root, 125.94.107.91
root, 125.94.107.91
root, 125.94.107.91
root, 125.94.107.91
root, 125.94.107.91
root, 125.94.107.91
root, 125.94.107.91
root, 125.94.107.91
root, 125.94.107.91
root, 125.94.107.91
root, 125.94.107.91
root, 125.94.107.91
root, 125.94.107.91
root, 125.94.107.91
root, 125.94.107.91
root, 125.94.107.91
root, 125.94.107.91
root, 125.94.107.91
root, 125.94.107.91
root, 125.94.107.91
root, 125.94.107.91
root, 125.94.107.91
root, 125.94.107.91
root, 125.94.107.91
root, 125.94.107.91
root, 125.94.107.91
root, 125.94.107.91
root, 125.94.107.91
root, 125.94.107.91
root, 125.94.107.91
root, 125.94.107.91
root, 125.94.107.91
root, 125.94.107.91
root, 125.94.107.91
root, 125.94.107.91
root, 125.94.107.91
root, 125.94.107.91
root, 125.94.107.91
root, 125.94.107.91
root, 125.94.107.91
root, 125.94.107.91
root, 125.94.107.91
root, 125.94.107.91
root, 125.94.107.91
root, 125.94.107.91
root, 125.94.107.91
root, 125.94.107.91
root, 125.94.107.91
root, 125.94.107.91
root, 125.94.107.91
root, 125.94.107.91
root, 125.94.107.91
root, 125.94.107.91
root, 125.94.107.91
root, 125.94.107.91
root, 125.94.107.91
root, 125.94.107.91
root, 125.94.107.91
root, 125.94.107.91
root, 125.94.107.91
root, 125.94.107.91
root, 125.94.107.91
root, 125.94.107.91
root, 125.94.107.91
root, 125.94.107.91
root, 125.94.107.91
root, 125.94.107.91
root, 125.94.107.91
root, 125.94.107.91
root, 125.94.107.91
root, 125.94.107.91
root, 125.94.107.91
root, 125.94.107.91
root, 125.94.107.91
root, 125.94.107.91
root, 125.94.107.91
root, 125.94.107.91
root, 125.94.107.91
root, 125.94.107.91
root, 125.94.107.91
root, 125.94.107.91
oneadmin, 193.32.162.79
oneadmin, 193.32.162.79
oneadmin, 193.32.162.79
oneadmin, 193.32.162.79
oneadmin, 193.32.162.79
oneadmin, 193.32.162.79
oneadmin, 193.32.162.79
oneadmin, 193.32.162.79
oneadmin, 193.32.162.79
oneadmin, 193.32.162.79
oneadmin, 193.32.162.79
oneadmin, 193.32.162.79
baikal, 125.132.34.65
baikal, 125.132.34.65
baikal, 125.132.34.65
pi, 125.132.34.65
pi, 125.132.34.65
pi, 125.132.34.65
pi, 125.132.34.65
pi, 125.132.34.65
pi, 125.132.34.65
ubuntu, 125.132.34.65
ubuntu, 125.132.34.65
ubuntu, 125.132.34.65
ubuntu, 125.132.34.65
ubuntu, 125.132.34.65
ubuntu, 125.132.34.65
ubuntu, 125.132.34.65
ubuntu, 125.132.34.65
ubuntu, 125.132.34.65
ubuntu, 125.132.34.65
ubuntu, 125.132.34.65
ubuntu, 125.132.34.65
ubuntu, 125.132.34.65
ubuntu, 125.132.34.65
ubuntu, 125.132.34.65
ubuntu, 125.132.34.65
ubuntu, 125.132.34.65
ubuntu, 125.132.34.65
ubuntu, 125.132.34.65
ubuntu, 125.132.34.65
ubuntu, 125.132.34.65
ubuntu, 125.132.34.65
test2, 125.132.34.65
test2, 125.132.34.65
test2, 125.132.34.65
test2, 125.132.34.65
test2, 125.132.34.65
test2, 125.132.34.65
test2, 125.132.34.65
test2, 125.132.34.65
test2, 125.132.34.65
test2, 125.132.34.65
test2, 125.132.34.65
test2, 125.132.34.65
test2, 125.132.34.65
test2, 125.132.34.65
test2, 125.132.34.65
test2, 125.132.34.65
test2, 125.132.34.65
test2, 125.132.34.65
test2, 125.132.34.65
test2, 125.132.34.65
test1, 125.132.34.65
test1, 125.132.34.65
test1, 125.132.34.65
test1, 125.132.34.65
test1, 125.132.34.65
test1, 125.132.34.65
test1, 125.132.34.65
test1, 125.132.34.65
test1, 125.132.34.65
test1, 125.132.34.65
test1, 125.132.34.65
test1, 125.132.34.65
test1, 125.132.34.65
test1, 125.132.34.65
test1, 125.132.34.65
test1, 125.132.34.65
test1, 125.132.34.65
test1, 125.132.34.65
test1, 125.132.34.65
test1, 125.132.34.65
ftpuser, 125.132.34.65
ftpuser, 125.132.34.65
ftpuser, 125.132.34.65
ftpuser, 125.132.34.65
ftpuser, 125.132.34.65
ftpuser, 125.132.34.65
ftpuser, 125.132.34.65
ftpuser, 125.132.34.65
ftpuser, 125.132.34.65
ftpuser, 125.132.34.65
ftpuser, 125.132.34.65
ftpuser, 125.132.34.65
ftpuser, 125.132.34.65
ftpuser, 125.132.34.65
ftpuser, 125.132.34.65
ftpuser, 125.132.34.65
ftpuser, 125.132.34.65
ftpuser, 125.132.34.65
ftpuser, 125.132.34.65
ftpuser, 125.132.34.65
ftpuser, 125.132.34.65
ftpuser, 125.132.34.65
test, 125.132.34.65
test, 125.132.34.65
test, 125.132.34.65
test, 125.132.34.65
test, 125.132.34.65
test, 125.132.34.65
test, 125.132.34.65
test, 125.132.34.65
test, 125.132.34.65
test, 125.132.34.65
test, 125.132.34.65
test, 125.132.34.65
test, 125.132.34.65
test, 125.132.34.65
test, 125.132.34.65
test, 125.132.34.65
test, 125.132.34.65
test, 125.132.34.65
test, 125.132.34.65
test, 125.132.34.65
usuario, 125.132.34.65
usuario, 125.132.34.65
usuario, 125.132.34.65
usuario, 125.132.34.65
usuario, 125.132.34.65
usuario, 125.132.34.65
usuario, 125.132.34.65
usuario, 125.132.34.65
usuario, 125.132.34.65
usuario, 125.132.34.65
usuario, 125.132.34.65
usuario, 125.132.34.65
usuario, 125.132.34.65
usuario, 125.132.34.65
usuario, 125.132.34.65
usuario, 125.132.34.65
usuario, 125.132.34.65
usuario, 125.132.34.65
usuario, 125.132.34.65
usuario, 125.132.34.65
oracle, 125.132.34.65
oracle, 125.132.34.65
oracle, 125.132.34.65
oracle, 125.132.34.65
oracle, 125.132.34.65
oracle, 125.132.34.65
oracle, 125.132.34.65
oracle, 125.132.34.65
oracle, 125.132.34.65
oracle, 125.132.34.65
oracle, 125.132.34.65
oracle, 125.132.34.65
oracle, 125.132.34.65
oracle, 125.132.34.65
oracle, 125.132.34.65
oracle, 125.132.34.65
oracle, 125.132.34.65
oracle, 125.132.34.65
oracle, 125.132.34.65
oracle, 125.132.34.65
admin, 125.132.34.65
admin, 125.132.34.65
admin, 125.132.34.65
admin, 125.132.34.65
admin, 125.132.34.65
admin, 125.132.34.65
admin, 125.132.34.65
admin, 125.132.34.65
admin, 125.132.34.65
admin, 125.132.34.65
admin, 125.132.34.65
admin, 125.132.34.65
